"الصفحة","شروط_الظهور","الفعل","النتيجة_المتوقعة","الأثر_الخارجي","حالة_الاختبار"
"القائمة","جلسة ADMIN؛ على الهاتف بعد فتح القائمة","فتح الرئيسية","المسار والعنوان والقسم النشط متطابقة","طلبات قراءة","المرحلة الثانية: الدخول المباشر للأقسام الاثني عشر والعنوان والقسم الحالي؛ اختيار إعدادات الحساب من قائمة الهاتف مختبر"
"القائمة","جلسة ADMIN؛ على الهاتف بعد فتح القائمة","فتح المواعيد","المسار والعنوان والقسم النشط متطابقة","طلبات قراءة","المرحلة الثانية: الدخول المباشر للأقسام الاثني عشر والعنوان والقسم الحالي؛ اختيار إعدادات الحساب من قائمة الهاتف مختبر"
"القائمة","جلسة ADMIN؛ على الهاتف بعد فتح القائمة","فتح الرسائل","المسار والعنوان والقسم النشط متطابقة","طلبات قراءة","المرحلة الثانية: الدخول المباشر للأقسام الاثني عشر والعنوان والقسم الحالي؛ اختيار إعدادات الحساب من قائمة الهاتف مختبر"
"القائمة","جلسة ADMIN؛ على الهاتف بعد فتح القائمة","فتح المستخدمون","المسار والعنوان والقسم النشط متطابقة","طلبات قراءة","المرحلة الثانية: الدخول المباشر للأقسام الاثني عشر والعنوان والقسم الحالي؛ اختيار إعدادات الحساب من قائمة الهاتف مختبر"
"القائمة","جلسة ADMIN؛ على الهاتف بعد فتح القائمة","فتح المرضى المحظورون","المسار والعنوان والقسم النشط متطابقة","طلبات قراءة","المرحلة الثانية: الدخول المباشر للأقسام الاثني عشر والعنوان والقسم الحالي؛ اختيار إعدادات الحساب من قائمة الهاتف مختبر"
"القائمة","جلسة ADMIN؛ على الهاتف بعد فتح القائمة","فتح إحالات الأطباء","المسار والعنوان والقسم النشط متطابقة","طلبات قراءة","المرحلة الثانية: الدخول المباشر للأقسام الاثني عشر والعنوان والقسم الحالي؛ اختيار إعدادات الحساب من قائمة الهاتف مختبر"
"القائمة","جلسة ADMIN؛ على الهاتف بعد فتح القائمة","فتح الأطباء","المسار والعنوان والقسم النشط متطابقة","طلبات قراءة","المرحلة الثانية: الدخول المباشر للأقسام الاثني عشر والعنوان والقسم الحالي؛ اختيار إعدادات الحساب من قائمة الهاتف مختبر"
"القائمة","جلسة ADMIN؛ على الهاتف بعد فتح القائمة","فتح العيادات","المسار والعنوان والقسم النشط متطابقة","طلبات قراءة","المرحلة الثانية: الدخول المباشر للأقسام الاثني عشر والعنوان والقسم الحالي؛ اختيار إعدادات الحساب من قائمة الهاتف مختبر"
"القائمة","جلسة ADMIN؛ على الهاتف بعد فتح القائمة","فتح التخصصات","المسار والعنوان والقسم النشط متطابقة","طلبات قراءة","المرحلة الثانية: الدخول المباشر للأقسام الاثني عشر والعنوان والقسم الحالي؛ اختيار إعدادات الحساب من قائمة الهاتف مختبر"
"القائمة","جلسة ADMIN؛ على الهاتف بعد فتح القائمة","فتح الولايات والبلديات","المسار والعنوان والقسم النشط متطابقة","طلبات قراءة","المرحلة الثانية: الدخول المباشر للأقسام الاثني عشر والعنوان والقسم الحالي؛ اختيار إعدادات الحساب من قائمة الهاتف مختبر"
"القائمة","جلسة ADMIN؛ على الهاتف بعد فتح القائمة","فتح التقييمات","المسار والعنوان والقسم النشط متطابقة","طلبات قراءة","المرحلة الثانية: الدخول المباشر للأقسام الاثني عشر والعنوان والقسم الحالي؛ اختيار إعدادات الحساب من قائمة الهاتف مختبر"
"القائمة","جلسة ADMIN؛ على الهاتف بعد فتح القائمة","فتح إعدادات الحساب","المسار والعنوان والقسم النشط متطابقة","طلبات قراءة","المرحلة الثانية: الدخول المباشر للأقسام الاثني عشر والعنوان والقسم الحالي؛ اختيار إعدادات الحساب من قائمة الهاتف مختبر"
"الترويسة","الهاتف","فتح/إغلاق القائمة","عرض روابط الإدارة وإخفاؤها","لا شيء","مرجع المرحلة الأولى: مكون قائم؛ الرجوع للمحادثات مختبر على 360 و390"
"الجميع","جلسة مفتوحة","تسجيل الخروج","إنهاء الجلسة حسب السياسة الحالية","تغيير جلسة المصادقة","مرجع المرحلة الأولى: لم ينفذ؛ لم يتغير"
"الرئيسية","نتيجة بحث طبيب","فتح نتيجة طبيب","فتح السجل بمعرفه أو محادثته","قراءة","مرجع المرحلة الأولى: الطبيب والمريض والموعد مختبرة؛ الرسالة الرابط قائم ومراجع"
"الرئيسية","نتيجة بحث مريض","فتح نتيجة مريض","فتح السجل بمعرفه أو محادثته","قراءة","مرجع المرحلة الأولى: الطبيب والمريض والموعد مختبرة؛ الرسالة الرابط قائم ومراجع"
"الرئيسية","نتيجة بحث موعد","فتح نتيجة موعد","فتح السجل بمعرفه أو محادثته","قراءة","مرجع المرحلة الأولى: الطبيب والمريض والموعد مختبرة؛ الرسالة الرابط قائم ومراجع"
"الرئيسية","نتيجة بحث رسالة","فتح نتيجة رسالة","فتح السجل بمعرفه أو محادثته","قراءة","مرجع المرحلة الأولى: الطبيب والمريض والموعد مختبرة؛ الرسالة الرابط قائم ومراجع"
"الرئيسية","الإحصاءات محملة","بطاقة المرضى","فتح القسم/الفلتر الموافق","قراءة","مرجع المرحلة الأولى: بطاقة العيادات مختبرة؛ بقية الروابط مراجعة مصدر"
"الرئيسية","الإحصاءات محملة","بطاقة الأطباء","فتح القسم/الفلتر الموافق","قراءة","مرجع المرحلة الأولى: بطاقة العيادات مختبرة؛ بقية الروابط مراجعة مصدر"
"الرئيسية","الإحصاءات محملة","بطاقة العيادات","فتح القسم/الفلتر الموافق","قراءة","مرجع المرحلة الأولى: بطاقة العيادات مختبرة؛ بقية الروابط مراجعة مصدر"
"الرئيسية","الإحصاءات محملة","بطاقة إجمالي المواعيد","فتح القسم/الفلتر الموافق","قراءة","مرجع المرحلة الأولى: بطاقة العيادات مختبرة؛ بقية الروابط مراجعة مصدر"
"الرئيسية","الإحصاءات محملة","بطاقة مواعيد اليوم","فتح القسم/الفلتر الموافق","قراءة","مرجع المرحلة الأولى: بطاقة العيادات مختبرة؛ بقية الروابط مراجعة مصدر"
"الرئيسية","الإحصاءات محملة","بطاقة مواعيد مكتملة","فتح القسم/الفلتر الموافق","قراءة","مرجع المرحلة الأولى: بطاقة العيادات مختبرة؛ بقية الروابط مراجعة مصدر"
"الرئيسية","الإحصاءات محملة","بطاقة مواعيد ملغاة","فتح القسم/الفلتر الموافق","قراءة","مرجع المرحلة الأولى: بطاقة العيادات مختبرة؛ بقية الروابط مراجعة مصدر"
"الرئيسية","الإحصاءات محملة","بطاقة أطباء بانتظار التحقق","فتح القسم/الفلتر الموافق","قراءة","مرجع المرحلة الأولى: بطاقة العيادات مختبرة؛ بقية الروابط مراجعة مصدر"
"الرئيسية","الإجراءات السريعة","فتح مراجعة طلبات التحقق","المسار الحالي والفلتر صحيحان","قراءة","مرجع المرحلة الأولى: مراجعة مصدر؛ فلاتر الأطباء والمواعيد مختبرة"
"الرئيسية","الإجراءات السريعة","فتح مواعيد اليوم","المسار الحالي والفلتر صحيحان","قراءة","مرجع المرحلة الأولى: مراجعة مصدر؛ فلاتر الأطباء والمواعيد مختبرة"
"الرئيسية","الإجراءات السريعة","فتح المستخدمون","المسار الحالي والفلتر صحيحان","قراءة","مرجع المرحلة الأولى: مراجعة مصدر؛ فلاتر الأطباء والمواعيد مختبرة"
"الرئيسية","الإجراءات السريعة","فتح الرسائل","المسار الحالي والفلتر صحيحان","قراءة","مرجع المرحلة الأولى: مراجعة مصدر؛ فلاتر الأطباء والمواعيد مختبرة"
"الرئيسية","الإجراءات السريعة","فتح إدارة الأطباء","المسار الحالي والفلتر صحيحان","قراءة","مرجع المرحلة الأولى: مراجعة مصدر؛ فلاتر الأطباء والمواعيد مختبرة"
"الرئيسية","وجود نشاط","فتح نشاط","الطبيب/الموعد/المحادثة المقصودة","قراءة","مرجع المرحلة الأولى: رابط الموعد مختبر؛ باقي الروابط مراجعة مصدر"
"الرئيسية","حالة النظام","إعادة الفحص","إعادة جلب الحالة دون إرسال SMS/Push","قراءة سجلات فقط","مرجع المرحلة الأولى: مراجعة مصدر؛ لم ينفذ إرسال"
"الرئيسية","مخطط المواعيد","فترة الرسم","تحديث بيانات الفترة","قراءة","مرجع المرحلة الأولى: لم يتغير؛ خارج نطاق تحقق المرحلة الأولى"
"الرئيسية","الصيانة","حذف البيانات التجريبية","السياسة الحالية بعد التأكيد","حذف قاعدة بيانات","مرجع المرحلة الأولى: لم ينفذ ولم يتغير؛ معالجة الأمان في المرحلة الثالثة"
"المواعيد","قائمة محملة","البحث","URL وحالة القائمة محفوظان؛ نتائج حديثة","قراءة","مرجع المرحلة الأولى: حفظ البحث/الترقيم والروابط مختبر؛ طلب متأخر مختبر للأطباء"
"المواعيد","قائمة محملة","الفلتر","URL وحالة القائمة محفوظان؛ نتائج حديثة","قراءة","مرجع المرحلة الأولى: حفظ البحث/الترقيم والروابط مختبر؛ طلب متأخر مختبر للأطباء"
"المواعيد","قائمة محملة","الترقيم","URL وحالة القائمة محفوظان؛ نتائج حديثة","قراءة","مرجع المرحلة الأولى: حفظ البحث/الترقيم والروابط مختبر؛ طلب متأخر مختبر للأطباء"
"الأطباء","قائمة محملة","البحث","URL وحالة القائمة محفوظان؛ نتائج حديثة","قراءة","مرجع المرحلة الأولى: حفظ البحث/الترقيم والروابط مختبر؛ طلب متأخر مختبر للأطباء"
"الأطباء","قائمة محملة","الفلتر","URL وحالة القائمة محفوظان؛ نتائج حديثة","قراءة","مرجع المرحلة الأولى: حفظ البحث/الترقيم والروابط مختبر؛ طلب متأخر مختبر للأطباء"
"الأطباء","قائمة محملة","الترقيم","URL وحالة القائمة محفوظان؛ نتائج حديثة","قراءة","مرجع المرحلة الأولى: حفظ البحث/الترقيم والروابط مختبر؛ طلب متأخر مختبر للأطباء"
"المستخدمون","قائمة محملة","البحث","URL وحالة القائمة محفوظان؛ نتائج حديثة","قراءة","مرجع المرحلة الأولى: حفظ البحث/الترقيم والروابط مختبر؛ طلب متأخر مختبر للأطباء"
"المستخدمون","قائمة محملة","الفلتر","URL وحالة القائمة محفوظان؛ نتائج حديثة","قراءة","مرجع المرحلة الأولى: حفظ البحث/الترقيم والروابط مختبر؛ طلب متأخر مختبر للأطباء"
"المستخدمون","قائمة محملة","الترقيم","URL وحالة القائمة محفوظان؛ نتائج حديثة","قراءة","مرجع المرحلة الأولى: حفظ البحث/الترقيم والروابط مختبر؛ طلب متأخر مختبر للأطباء"
"المواعيد","رابط id","عرض الموعد","الموعد المقصود وفرد العائلة الصحيح","قراءة","مرجع المرحلة الأولى: مختبر في المتصفح وHTTP؛ لا تغيير حالة"
"الرسائل","وجود قائمة/محادثة","اختيار طبيب","بقاء الهوية الصحيحة وعزل المسودات","قراءة وقد يضع الوارد مقروءًا","مرجع المرحلة الأولى: مختبر على بيانات وهمية"
"الرسائل","وجود قائمة/محادثة","تصفية القائمة","بقاء الهوية الصحيحة وعزل المسودات","قراءة وقد يضع الوارد مقروءًا","مرجع المرحلة الأولى: مختبر على بيانات وهمية"
"الرسائل","وجود قائمة/محادثة","رجوع الهاتف","بقاء الهوية الصحيحة وعزل المسودات","قراءة وقد يضع الوارد مقروءًا","مرجع المرحلة الأولى: مختبر على بيانات وهمية"
"الرسائل","المستلم معروف ونص غير فارغ","إرسال/إعادة إرسال","منع التكرار؛ نجاح حقيقي أو حفظ النص عند الفشل","إنشاء رسالة وإشعارات في النظام الحقيقي","مرجع المرحلة الأولى: مختبر بمحاكاة API وHTTP Prisma وهمي؛ لا إرسال حقيقي"
"الرسائل","هوية المستلم غير متاحة","إعادة المحاولة","جلب هوية المستلم قبل إتاحة الإرسال","قراءة","مرجع المرحلة الأولى: حجب المحرر مختبر؛ إعادة المحاولة مراجعة مصدر"
"الرسائل","وجود رسائل أقدم","تحميل رسائل أقدم","قراءة الصفحة السابقة دون خلط المحادثات","قراءة","مرجع المرحلة الأولى: اختبارات HTTP للمؤشر ضمن المراسلة؛ الزر لم يتغير"
"المستخدمون","حسب الحالة والدور","تفعيل/تعطيل الحساب","تطبيق السياسة الخلفية الحالية","تغيير حساب/حذف/حظر","مرجع المرحلة الأولى: لم ينفذ؛ خارج المرحلة الأولى؛ لا ادعاء حماية آخر مدير"
"المستخدمون","حسب الحالة والدور","حذف المستخدم","تطبيق السياسة الخلفية الحالية","تغيير حساب/حذف/حظر","مرجع المرحلة الأولى: لم ينفذ؛ خارج المرحلة الأولى؛ لا ادعاء حماية آخر مدير"
"المستخدمون","حسب الحالة والدور","حظر/رفع حظر المريض","تطبيق السياسة الخلفية الحالية","تغيير حساب/حذف/حظر","مرجع المرحلة الأولى: لم ينفذ؛ خارج المرحلة الأولى؛ لا ادعاء حماية آخر مدير"
"المرضى المحظورون","قائمة الحظر","بحث/فلتر/ترقيم","عرض السجل المطابق","قراءة","مرجع المرحلة الأولى: تسميات محسنة؛ لا رحلة كتابة"
"المرضى المحظورون","حظر نشط","رفع الحظر","السياسة الحالية بعد الحوار","تغيير الحظر","مرجع المرحلة الأولى: لم ينفذ ولم يتغير"
"إحالات الأطباء","قائمة الإحالات","فلتر/ترقيم","عرض النتائج وفق السياسة الحالية","قراءة","مرجع المرحلة الأولى: لم يتغير"
"الأطباء","حسب حالة الطبيب والعيادة","توثيق","تطبيق السياسة الحالية دون تغيير المكافآت","تحديث طبيب/اشتراك وربما مكافأة","مرجع المرحلة الأولى: لم ينفذ ولم يتغير"
"الأطباء","حسب حالة الطبيب والعيادة","رفض","تطبيق السياسة الحالية دون تغيير المكافآت","تحديث طبيب/اشتراك وربما مكافأة","مرجع المرحلة الأولى: لم ينفذ ولم يتغير"
"الأطباء","حسب حالة الطبيب والعيادة","تفعيل الاشتراك","تطبيق السياسة الحالية دون تغيير المكافآت","تحديث طبيب/اشتراك وربما مكافأة","مرجع المرحلة الأولى: لم ينفذ ولم يتغير"
"الأطباء","حسب حالة الطبيب والعيادة","إيقاف الاشتراك","تطبيق السياسة الحالية دون تغيير المكافآت","تحديث طبيب/اشتراك وربما مكافأة","مرجع المرحلة الأولى: لم ينفذ ولم يتغير"
"الأطباء","صف طبيب","مراسلة","فتح doctor= الصحيح","قراءة","مرجع المرحلة الأولى: رابط مباشر وهوية المستلم مختبران"
"الأطباء","طبيب ضمن عيادة","اشتراك العيادة","فتح قسم العيادات الحالي","قراءة","مرجع المرحلة الأولى: لم يتغير؛ تحديد العيادة في المرحلة الثالثة"
"العيادات","وجود عيادة/طلب","الموافقة على الانتقال","السياسة الحالية","تغيير عضوية/توثيق/اشتراك","مرجع المرحلة الأولى: لم ينفذ ولم يتغير"
"العيادات","وجود عيادة/طلب","رفض الانتقال","السياسة الحالية","تغيير عضوية/توثيق/اشتراك","مرجع المرحلة الأولى: لم ينفذ ولم يتغير"
"العيادات","وجود عيادة/طلب","حفظ المراجعة والاشتراك","السياسة الحالية","تغيير عضوية/توثيق/اشتراك","مرجع المرحلة الأولى: لم ينفذ ولم يتغير"
"التخصصات","وجود الصلاحية والسجل","فتح الإضافة","الاسم والحقول والأثر وفق السياسة الحالية","لا شيء","مرجع المرحلة الأولى: تسميات مراجعة؛ نافذة البلدية وEscape وإعادة التركيز مختبرة؛ الكتابة لم تنفذ"
"التخصصات","وجود الصلاحية والسجل","إلغاء/إغلاق النموذج","الاسم والحقول والأثر وفق السياسة الحالية","لا شيء","مرجع المرحلة الأولى: تسميات مراجعة؛ نافذة البلدية وEscape وإعادة التركيز مختبرة؛ الكتابة لم تنفذ"
"التخصصات","وجود الصلاحية والسجل","حفظ الإضافة","الاسم والحقول والأثر وفق السياسة الحالية","كتابة/حذف كتالوج","مرجع المرحلة الأولى: تسميات مراجعة؛ نافذة البلدية وEscape وإعادة التركيز مختبرة؛ الكتابة لم تنفذ"
"التخصصات","وجود الصلاحية والسجل","حذف السجل","الاسم والحقول والأثر وفق السياسة الحالية","كتابة/حذف كتالوج","مرجع المرحلة الأولى: تسميات مراجعة؛ نافذة البلدية وEscape وإعادة التركيز مختبرة؛ الكتابة لم تنفذ"
"الولايات والبلديات","وجود الصلاحية والسجل","فتح الإضافة","الاسم والحقول والأثر وفق السياسة الحالية","لا شيء","مرجع المرحلة الأولى: تسميات مراجعة؛ نافذة البلدية وEscape وإعادة التركيز مختبرة؛ الكتابة لم تنفذ"
"الولايات والبلديات","وجود الصلاحية والسجل","إلغاء/إغلاق النموذج","الاسم والحقول والأثر وفق السياسة الحالية","لا شيء","مرجع المرحلة الأولى: تسميات مراجعة؛ نافذة البلدية وEscape وإعادة التركيز مختبرة؛ الكتابة لم تنفذ"
"الولايات والبلديات","وجود الصلاحية والسجل","حفظ الإضافة","الاسم والحقول والأثر وفق السياسة الحالية","كتابة/حذف كتالوج","مرجع المرحلة الأولى: تسميات مراجعة؛ نافذة البلدية وEscape وإعادة التركيز مختبرة؛ الكتابة لم تنفذ"
"الولايات والبلديات","وجود الصلاحية والسجل","حذف السجل","الاسم والحقول والأثر وفق السياسة الحالية","كتابة/حذف كتالوج","مرجع المرحلة الأولى: تسميات مراجعة؛ نافذة البلدية وEscape وإعادة التركيز مختبرة؛ الكتابة لم تنفذ"
"الولايات والبلديات","ولاية موجودة","إضافة بلدية","اسم الولاية داخل عنوان النافذة","فتح فقط ثم كتابة إذا حفظ","مرجع المرحلة الأولى: فتح/Escape وإعادة التركيز مختبرة"
"الولايات والبلديات","بلدية موجودة","حذف بلدية","الاسم والولاية في الاسم الدلالي؛ الحذف الحالي","حذف كتالوج","مرجع المرحلة الأولى: الاسم الدلالي مراجعة مصدر؛ لا حذف"
"التقييمات","تقييم موجود","عرض الدرجة","صورة دلالية ونص 4 من 5 دون أزرار معطلة","لا شيء","مرجع المرحلة الأولى: مختبر في المتصفح"
"التقييمات","تقييم موجود","حذف تقييم","تعريف التقييم ثم تأكيد الحذف الحالي","حذف تقييم","مرجع المرحلة الأولى: الاسم الدلالي مختبر؛ لا حذف"
"إعدادات الحساب","جلسة ADMIN","البريد/كلمة المرور/حفظ","label صحيح وتأكيد الهوية وإنهاء الجلسات حسب السياسة","تغيير بيانات اعتماد","مرجع المرحلة الأولى: البريد واتجاهه وautocomplete مختبرة؛ لا تغيير اعتماد حقيقي"
"قوائم الإدارة","بحث أو فلتر نشط","مسح الفلاتر","حذف معاملات الفلاتر وإعادة النتائج مع حفظ معاملات أخرى","طلبات قراءة","مختبر مع الرجوع والتقدم"
"المستخدمون والأطباء والكتالوج والتقييمات والولايات","سجل ظاهر","فتح إجراءات وإغلاقها","إظهار الإجراءات الحساسة دون تنفيذها؛ Escape يعيد التركيز","لا كتابة عند الفتح","مختبر على الكمبيوتر والهاتف"
"قوائم الإدارة","فشل طلب القراءة","إعادة المحاولة","عرض خطأ ثم نتائج الطلب الجديد مع بقاء البحث","قراءة فقط","مختبر في ثمانية أقسام"
"التخصصات","نموذج إضافة مفتوح","إضافة مع فشل تجريبي","رسالة خطأ وبقاء الحقول والنموذج؛ لا نجاح كاذب","POST وهمي مفروض 500","مختبر مع حظر كل اتصال خارجي"
"الرسائل","بحث غير فارغ","مسح البحث","استعادة قائمة المحادثات دون فقد مسودة المستلم","قراءة فقط","مختبر"
"الهاتف","عرض دون 768","فتح/إغلاق قائمة الأقسام","تمرير الأقسام وإغلاق بالاختيار وEscape وإعادة التركيز","لا كتابة","مختبر بعرض360 وارتفاع640"

"الصيانة","ADMIN ومعرفات تجريبية صريحة","معاينة ثم حذف محدد","حماية الإدارة والسجلات المرتبطة","كتابة فقط بعد تأكيد","اختبار PostgreSQL ومعاينة وهمية"
"التقييمات","ADMIN","حذف بسبب موثق","تحديث المتوسط وسجل التدقيق داخل معاملة","حذف نهائي","متصفح وهمي وتكامل PostgreSQL"
"الكتالوج","ADMIN","تعديل الاسم","المعرف والعلاقات محفوظة","PATCH","متصفح وهمي وتكامل PostgreSQL"
"العيادات","ADMIN ونسخة حديثة","حفظ بعد مراجعة","409 عند تعارض نسخة","PATCH","متصفح وهمي وتكامل PostgreSQL"
